intervention,outcome_measured,reported_effect,effect_direction,study_design,population,sample_size,evidence_type,evidence_strength,limitations,source
"Weight loss >=5% of body weight","NASH resolution and NAS","Among participants achieving >=5% weight loss, 58% achieved NASH resolution and 82% achieved a 2-point reduction in NAS; greater weight loss was independently associated with greater histological improvement","Beneficial","Prospective lifestyle intervention with paired liver biopsies","Patients with histologically proven NASH","293 total; 261 with paired biopsies","Biopsy-paired clinical study","STRONG","Not randomized; weight loss was achieved through lifestyle intervention and the analysis is observational with respect to the amount of weight loss","Vilar-Gomez et al., Gastroenterology, 2015; DOI 10.1053/j.gastro.2015.04.005"
"Weight loss 7-10% of body weight","Liver inflammation / NAS","All patients who lost 7-10% of body weight and had few risk factors had reduced NAS","Beneficial","Prospective lifestyle intervention with paired liver biopsies","Patients with histologically proven NASH","293 total; subgroup achieving 7-10% weight loss","Biopsy-paired clinical study","STRONG","Small subgroup and non-randomized intervention; the result is not a quantitative recipe-level effect","Vilar-Gomez et al., Gastroenterology, 2015; DOI 10.1053/j.gastro.2015.04.005"
"Weight loss >=10% of body weight","NASH resolution","90% of participants achieving >=10% weight loss had resolution of NASH","Beneficial","Prospective lifestyle intervention with paired liver biopsies","Patients with histologically proven NASH","293 total; subgroup achieving >=10% weight loss","Biopsy-paired clinical study","STRONG","Small subgroup and non-randomized intervention","Vilar-Gomez et al., Gastroenterology, 2015; DOI 10.1053/j.gastro.2015.04.005"
"Weight loss >=10% of body weight","Fibrosis regression","45% of participants achieving >=10% weight loss had regression of fibrosis","Beneficial","Prospective lifestyle intervention with paired liver biopsies","Patients with histologically proven NASH","293 total; subgroup achieving >=10% weight loss","Biopsy-paired clinical study","STRONG","Small subgroup; evidence is not sufficient to conclude that advanced fibrosis or cirrhosis is generally reversible through lifestyle weight loss","Vilar-Gomez et al., Gastroenterology, 2015; DOI 10.1053/j.gastro.2015.04.005"
"Mediterranean diet vs control","AST and GGT","A 2021 meta-analysis of 10 RCTs reported statistically significant reductions in AST and GGT with Mediterranean diet interventions","Beneficial","Systematic review and meta-analysis of randomized controlled trials","Adults receiving Mediterranean diet interventions","10 RCTs; 705 participants","RCT meta-analysis","MODERATE","The included interventions and populations were heterogeneous and pooled effects varied across outcomes","Haghighatdoost et al., British Journal of Nutrition, 2021; DOI 10.1017/S0007114521002270"
"Mediterranean diet vs control","ALT","The 2021 meta-analysis found no statistically significant effect on ALT (WMD -0.55 IU/L; 95% CI -1.25 to 0.13)","No statistically significant effect","Systematic review and meta-analysis of randomized controlled trials","Adults receiving Mediterranean diet interventions","10 RCTs; 705 participants","RCT meta-analysis","WEAK / INCONCLUSIVE","Later evidence has reported a significant ALT reduction, so this finding should be interpreted as study-specific rather than as evidence of no effect overall","Haghighatdoost et al., British Journal of Nutrition, 2021; DOI 10.1017/S0007114521002270"
"Mediterranean diet","ALT, liver stiffness and MRI-PDFF","A 2026 systematic review and meta-analysis of RCTs found significant reductions in ALT, liver stiffness and MRI-PDFF with Mediterranean diet interventions","Beneficial","Systematic review and meta-analysis of randomized controlled trials","Adults with MASLD","RCTs included in the 2026 systematic review","RCT meta-analysis","MODERATE","The authors noted heterogeneity and called for larger, longer-term isocaloric RCTs with standardized outcome reporting","2026 systematic review and meta-analysis; PMID 41689666"
"Dietary interventions including Mediterranean diet and calorie restriction","ALT, AST, FLI, hepatic steatosis and liver stiffness","A systematic review and meta-analysis found dietary interventions significantly improved ALT, AST, FLI, hepatic steatosis and liver stiffness","Beneficial","Systematic review and meta-analysis of randomized and clinical controlled trials","Adults with NAFLD","26 articles; 3037 participants","Systematic review and meta-analysis","MODERATE","Interventions and outcome assessment methods were heterogeneous and the evidence included both randomized and non-randomized controlled studies","Franco et al., Clinical Nutrition, 2022; DOI 10.1016/j.clnu.2022.06.037; PMID 35947894"
"Calorie restriction","ALT, hepatic steatosis and liver stiffness","The dietary-intervention meta-analysis reported favourable effects of calorie-restricted interventions on ALT, hepatic steatosis and liver stiffness","Beneficial","Systematic review and meta-analysis","Adults with NAFLD","9 calorie-restriction studies within the review","Systematic review and meta-analysis","MODERATE","Calorie restriction was implemented through different dietary approaches and should not be interpreted as a fixed recipe-level dose-response","Franco et al., Clinical Nutrition, 2022; DOI 10.1016/j.clnu.2022.06.037; PMID 35947894"
"Mediterranean diet vs low-fat diet","Liver enzymes and liver fat","A 2024 meta-analysis found no significant difference between Mediterranean and low-fat diets in improving liver enzymes, liver fat and related indices in the short term","No significant difference between diets","Systematic review and meta-analysis of randomized controlled trials","Patients with NAFLD","RCTs included through April 2024","RCT meta-analysis","MODERATE","This is a comparative finding and does not imply that either dietary pattern has no benefit compared with baseline","Xiong et al., Food & Function, 2024; PMID 39076035; DOI 10.1039/D4FO01461H"
"Exercise training","MRI-measured liver fat","Exercise training increased the likelihood of achieving >=30% relative reduction in MRI-measured liver fat compared with control (OR 3.51; 95% CI 1.49-8.23)","Beneficial","Systematic review and meta-analysis of randomized controlled trials","Adults with NAFLD","14 studies; 551 participants","RCT meta-analysis","MODERATE","MRI-measured liver fat is a non-invasive surrogate; exercise protocols varied across studies","Stine et al., American Journal of Gastroenterology, 2023; PMID 36705333; DOI 10.14309/ajg.0000000000002098"
"Exercise training >=750 MET-min/week","MRI-measured liver fat","An exercise dose of >=750 MET-min/week was associated with greater treatment response; the odds of achieving >=30% relative reduction in MRI-measured liver fat were 3.73 (95% CI 1.34-10.41)","Beneficial","Systematic review and meta-analysis of randomized controlled trials","Adults with NAFLD","14 studies; 551 participants","RCT meta-analysis","MODERATE","Dose categories were based on prescribed exercise volume and do not establish a food-level or recipe-level effect","Stine et al., American Journal of Gastroenterology, 2023; PMID 36705333; DOI 10.14309/ajg.0000000000002098"
"Improved diet quality similar to the Mediterranean dietary pattern; limiting ultra-processed foods and avoiding sugar-sweetened beverages","Histologically or non-invasively assessed liver injury","The 2024 EASL-EASD-EASO guideline recommends improving diet quality similar to the Mediterranean pattern, limiting ultra-processed foods rich in sugars and saturated fat, and avoiding sugar-sweetened beverages","Guideline-supported beneficial direction","Clinical practice guideline based on evidence synthesis","Adults with MASLD","Guideline evidence synthesis","Guideline recommendation","Not a single intervention study and does not provide a quantitative recipe-level effect size","EASL-EASD-EASO Clinical Practice Guidelines on MASLD, 2024"
"Physical activity and exercise","Liver steatosis","The 2024 EASL-EASD-EASO guideline recommends physical activity and exercise to reduce steatosis, preferably >150 min/week of moderate or 75 min/week of vigorous-intensity activity","Guideline-supported beneficial direction","Clinical practice guideline based on evidence synthesis","Adults with MASLD","Guideline evidence synthesis","Guideline recommendation","Physical activity is not a food intervention; this row provides contextual evidence for the broader intervention layer","EASL-EASD-EASO Clinical Practice Guidelines on MASLD, 2024"