recipe_id,title,url,source,image_id,image_url,category,cuisine,servings,ratings,ratings_count,diet,diets
00000001,Barb's Gumbo,https://www.food.com/recipe/barbs-gumbo-82288,food.com,00000001,"https://img.sndimg.com/food/image/upload/q_92,fl_progressive,w_1200,c_scale/v1/img/recipes/82/28/8/cB14froTlmpDfRF49wmQ_gumbo%20SITE-3.jpg",Gumbo,Cajun And Creole,4,5,67,non-vegetarian,['non-vegetarian']
00000002,Flemish Beef Roast (or Stew) With Vegetables,https://www.food.com/recipe/flemish-beef-roast-or-stew-with-vegetables-102212,food.com,00000002,"https://img.sndimg.com/food/image/upload/q_92,fl_progressive,w_1200,c_scale/v1/gk-static/fdc-new/img/fdc-shareGraphic.png",Stew,European,8,0,0,non-vegetarian,['non-vegetarian']
00000003,Bourbon Chicken,https://www.food.com/recipe/bourbon-chicken-45809,food.com,00000003,"https://img.sndimg.com/food/image/upload/q_92,fl_progressive,w_1200,c_scale/v1/img/recipes/45/80/9/MwuCd6HpQ5mDvn4OLRkA_0S9A9886.jpg",Chicken Breast,Asian,4,5,3101,non-vegetarian,['non-vegetarian']
00000004,Best Banana Bread,https://www.food.com/recipe/best-banana-bread-2886,food.com,00000004,"https://img.sndimg.com/food/image/upload/q_92,fl_progressive,w_1200,c_scale/v1/img/recipes/28/86/wBZxNua1T8yfDwbfo9Fz_0S9A9315.jpg","Bread, Quick Breads",Other,1,5,2345,pescetarian,['non-vegetarian']
00000005,To Die for Crock Pot Roast,https://www.food.com/recipe/to-die-for-crock-pot-roast-27208,food.com,00000005,"https://img.sndimg.com/food/image/upload/q_92,fl_progressive,w_1200,c_scale/v1/img/recipes/27/20/8/LoLdAamfR02FY46yIy0B_crockpot-roast-4637.jpg",One Dish Meal,Other,8,5,1707,non-vegetarian,['non-vegetarian']
00000006,Crock-Pot Chicken With Black Beans & Cream Cheese,https://www.food.com/recipe/crock-pot-chicken-with-black-beans-cream-cheese-89204,food.com,00000006,"https://img.sndimg.com/food/image/upload/q_92,fl_progressive,w_1200,c_scale/v1/img/recipes/89/20/4/uxMwt1VGQ5m2ePyzwHWy_salsa-chicken-black-beans-2312.jpg",One Dish Meal,Other,4,4.5,1661,non-vegetarian,['non-vegetarian']
00000007,Creamy Cajun Chicken Pasta,https://www.food.com/recipe/creamy-cajun-chicken-pasta-39087,food.com,00000007,"https://img.sndimg.com/food/image/upload/q_92,fl_progressive,w_1200,c_scale/v1/img/recipes/39/08/7/VPeSMiYHRce4BWsyj7Nl_0S9A5582.jpg",Chicken Breast,Cajun And Creole,2,5,1608,non-vegetarian,['non-vegetarian']
00000008,Oatmeal Raisin Cookies,https://www.food.com/recipe/oatmeal-raisin-cookies-35813,food.com,00000008,"https://img.sndimg.com/food/image/upload/q_92,fl_progressive,w_1200,c_scale/v1/img/recipes/35/81/3/KU3JVxMDRriISEG3KdPy_0S9A9740.jpg","Snack, Drop Cookies",Other,36,5,1455,pescetarian,['non-vegetarian']
00000009,Best Ever Banana Cake With Cream Cheese Frosting,https://www.food.com/recipe/best-ever-banana-cake-with-cream-cheese-frosting-67256,food.com,00000009,"https://img.sndimg.com/food/image/upload/q_92,fl_progressive,w_1200,c_scale/v1/img/recipes/67/25/6/ErcPhaBVS2OMnh07iiZf_banana-cake-with-cream-cheese-frosting-08.jpg",Dessert,Other,1,5,1437,pescetarian,['non-vegetarian']
00000010,"Yes, Virginia There is a Great Meatloaf",https://www.food.com/recipe/yes-virginia-there-is-a-great-meatloaf-54257,food.com,00000010,"https://img.sndimg.com/food/image/upload/q_92,fl_progressive,w_1200,c_scale/v1/img/recipes/54/25/7/1O1KC1wTKTskFlseYbws_0S9A6432.jpg",Meatloaf,Other,5,5,1407,non-vegetarian,['non-vegetarian']
00000011,Jo Mama's World Famous Spaghetti,https://www.food.com/recipe/jo-mamas-world-famous-spaghetti-22782,food.com,00000011,"https://img.sndimg.com/food/image/upload/q_92,fl_progressive,w_1200,c_scale/v1/img/recipes/22/78/2/xy39o2sOTtudkgyDgZtv_spaghettisauce.jpg",Spaghetti,European,14,5,1371,non-vegetarian,['non-vegetarian']
00000012,"""Whatever Floats Your Boat"" Brownies!",https://www.food.com/recipe/quot-whatever-floats-your-boat-quot-brownies-32204,food.com,00000012,"https://img.sndimg.com/food/image/upload/q_92,fl_progressive,w_1200,c_scale/v1/img/recipes/32/20/4/yX79JawzR3CHcGEGWh4I_0S9A5678.jpg","Snack, Bar Cookie",Other,16,5,1289,pescetarian,['non-vegetarian']
00000013,Ice Cubes,https://www.food.com/recipe/ice-cubes-420398,food.com,00000013,"https://img.sndimg.com/food/image/upload/q_92,fl_progressive,w_1200,c_scale/v1/img/recipes/42/03/98/picFV7OMs.jpg",Beverages,Other,2,4.5,1282,vegan,"['vegan', 'vegetarian']"
00000014,Pancakes,https://www.food.com/recipe/pancakes-25690,food.com,00000014,"https://img.sndimg.com/food/image/upload/q_92,fl_progressive,w_1200,c_scale/v1/img/recipes/25/69/0/picwslJ1c.jpg",Breakfast,Other,9,5,1159,non-vegetarian,['non-vegetarian']
00000015,Beer Bread,https://www.food.com/recipe/beer-bread-73440,food.com,00000015,"https://img.sndimg.com/food/image/upload/q_92,fl_progressive,w_1200,c_scale/v1/img/recipes/73/44/0/A5wJAHiTGmrCubWmruoJ_0S9A2475.jpg","Bread, Quick Breads",Other,8,5,1099,vegetarian,['vegetarian']
00000016,Kittencal's Italian Melt-In-Your-Mouth Meatballs,https://www.food.com/recipe/kittencals-italian-melt-in-your-mouth-meatballs-69173,food.com,00000016,"https://img.sndimg.com/food/image/upload/q_92,fl_progressive,w_1200,c_scale/v1/img/recipes/69/17/3/f6nXT71TDaqam1w0sxuw_untitled-4262.jpg",Meat,Other,1,5,1084,non-vegetarian,['non-vegetarian']
00000017,Japanese Mum's Chicken,https://www.food.com/recipe/japanese-mums-chicken-68955,food.com,00000017,"https://img.sndimg.com/food/image/upload/q_92,fl_progressive,w_1200,c_scale/v1/img/recipes/68/95/5/TnfcMfTwRVulI0xETm67_jchicken.jpg",Chicken Thigh & Leg,Asian,4,5,976,non-vegetarian,['non-vegetarian']
00000018,Creamy Burrito Casserole,https://www.food.com/recipe/creamy-burrito-casserole-33919,food.com,00000018,"https://img.sndimg.com/food/image/upload/q_92,fl_progressive,w_1200,c_scale/v1/img/recipes/33/91/9/eK932J5iRgKgQGjoAwMG_IMG_7036.jpg",Meat,Mexican,10,5,944,non-vegetarian,['non-vegetarian']
00000019,Kittencal's Moist Cheddar-Garlic Oven Fried Chicken Breast,https://www.food.com/recipe/kittencals-moist-cheddar-garlic-oven-fried-chicken-breast-82102,food.com,00000019,"https://img.sndimg.com/food/image/upload/q_92,fl_progressive,w_1200,c_scale/v1/img/recipes/82/10/2/C3VxQIrFT1aDvMUykuA0_0S9A5607.jpg",Chicken Breast,Other,4,5,913,non-vegetarian,['non-vegetarian']
00000020,Banana Banana Bread,https://www.food.com/recipe/banana-banana-bread-25885,food.com,00000020,"https://img.sndimg.com/food/image/upload/q_92,fl_progressive,w_1200,c_scale/v1/img/recipes/25/88/5/CRAukFk1Tf2xpDPtcOUB_0S9A1642.jpg","Bread, Quick Breads",Other,1,5,899,pescetarian,['non-vegetarian']
00000021,Scalloped Potatoes,https://www.food.com/recipe/scalloped-potatoes-85629,food.com,00000021,"https://img.sndimg.com/food/image/upload/q_92,fl_progressive,w_1200,c_scale/v1/img/recipes/85/62/9/ALhTKCBsRHu6JnlXk8Qy_0S9A3426.jpg",Potato,Other,6,5,869,vegetarian,['vegetarian']
00000022,The Best Easy Beef and Broccoli Stir-Fry,https://www.food.com/recipe/the-best-easy-beef-and-broccoli-stir-fry-99476,food.com,00000022,"https://img.sndimg.com/food/image/upload/q_92,fl_progressive,w_1200,c_scale/v1/img/recipes/99/47/6/01z114QRWGncDabUUJod_0S9A5937.jpg",One Dish Meal,Asian,4,5,853,non-vegetarian,['non-vegetarian']
00000023,Oven-Fried Chicken Chimichangas,https://www.food.com/recipe/oven-fried-chicken-chimichangas-28148,food.com,00000023,"https://img.sndimg.com/food/image/upload/q_92,fl_progressive,w_1200,c_scale/v1/img/recipes/28/14/8/Ew9disSrTws0LLBWlpbQ_0S9A2424.jpg","Snack, One Dish Meal",American,6,5,840,non-vegetarian,['non-vegetarian']
00000024,Simply Sour Cream Chicken Enchiladas,https://www.food.com/recipe/simply-sour-cream-chicken-enchiladas-129926,food.com,00000024,"https://img.sndimg.com/food/image/upload/q_92,fl_progressive,w_1200,c_scale/v1/img/recipes/12/99/26/fqaHKUZ5Qxe1JYEmj5sO_DSC02592.jpg",Chicken Breast,American,8,5,832,non-vegetarian,['non-vegetarian']
00000025,Fannie Farmer's Classic Baked Macaroni & Cheese,https://www.food.com/recipe/fannie-farmers-classic-baked-macaroni-cheese-135350,food.com,00000025,"https://img.sndimg.com/food/image/upload/q_92,fl_progressive,w_1200,c_scale/v1/img/recipes/13/53/50/kMWg48mzQPqqHG00V5xT_1maccheese3.jpg",One Dish Meal,Other,4,5,829,vegetarian,['vegetarian']
00000026,Southern Buttermilk Biscuits,https://www.food.com/recipe/southern-buttermilk-biscuits-26110,food.com,00000026,"https://img.sndimg.com/food/image/upload/q_92,fl_progressive,w_1200,c_scale/v1/img/recipes/26/11/0/DmfK6TnxRUqzDwn2P4tb_batch23-7025.jpg",Breads,Other,10,5,817,vegetarian,['vegetarian']
00000027,Soft Snickerdoodle Cookies,https://www.food.com/recipe/soft-snickerdoodle-cookies-97496,food.com,00000027,"https://img.sndimg.com/food/image/upload/q_92,fl_progressive,w_1200,c_scale/v1/img/recipes/97/49/6/N4RvBXiYSwuoHfj9wkJw_snickerdoodles-3.jpg","Dessert, Drop Cookies",Other,24,5,784,pescetarian,['non-vegetarian']
00000028,Panera's Cream Cheese Potato Soup,https://www.food.com/recipe/paneras-cream-cheese-potato-soup-150863,food.com,00000028,"https://img.sndimg.com/food/image/upload/q_92,fl_progressive,w_1200,c_scale/v1/img/recipes/15/08/63/zbOVaZ4MSAO81CYiVyZK_panera-baked-potato-cream-cheese-soup-3763.jpg",Winter,Other,6,5,785,non-vegetarian,['non-vegetarian']
00000029,Crock Pot Whole Chicken,https://www.food.com/recipe/crock-pot-whole-chicken-33671,food.com,00000029,"https://img.sndimg.com/food/image/upload/q_92,fl_progressive,w_1200,c_scale/v1/img/recipes/33/67/1/PpaBfRQmQDG7MToNnJu1_crockpot-whole-chicken-2256.jpg",Whole Chicken,Other,4,5,773,non-vegetarian,['non-vegetarian']
00000030,Delicious Chicken Pot Pie,https://www.food.com/recipe/delicious-chicken-pot-pie-10744,food.com,00000030,"https://img.sndimg.com/food/image/upload/q_92,fl_progressive,w_1200,c_scale/v1/img/recipes/10/74/4/AyB790BXQZSOoGfb5I8o_0S9A2765.jpg",Savory Pies,Other,8,5,773,non-vegetarian,['non-vegetarian']
