rank,feature,mean_abs_shap
1,numeric__BMXWAIST,8.636373795316478
2,numeric__FLI_proxy,8.145406574830451
3,numeric__WHtR,4.476238103174426
4,numeric__LBXGH,4.184453527815116
5,numeric__RIDAGEYR,4.062632784286028
6,categorical__RIDRETH3_4.0,3.5420935142707313
7,numeric__LBXSGL,3.490569501501699
8,numeric__BMXWT,3.426269511405124
9,numeric__BMXBMI,3.224645488665048
10,numeric__LBXSCR,3.0681096207468093
11,numeric__TG_HDL,2.8092185372645853
12,numeric__AST_ALT,2.6113026813496436
13,numeric__LBXSTR,1.9662184312984252
14,numeric__LBXSATSI,1.859182285446206
15,numeric__LBXSGTSI,1.6550942875236045
16,numeric__LBXSUA,1.6299916057005495
17,numeric__HSI_partial,1.4031451381144466
18,numeric__LBXSBU,1.0258065644789929
19,categorical__RIDRETH3_6.0,0.8817948232846234
20,numeric__energy_fraction_fat,0.8085618412937161
21,numeric__LBXSNASI,0.7511320386342408
22,numeric__energy_fraction_protein,0.7062632363443553
23,numeric__LBXSASSI,0.7006405141730067
24,numeric__energy_fraction_carb,0.6939451444842483
25,numeric__LBXSAL,0.677397451004495
26,numeric__LBXSAPSI,0.550563158220202
27,numeric__TC_HDL,0.5241024414865588
28,categorical__RIAGENDR_2.0,0.5168834620129703
29,numeric__LBDHDD,0.5130526756223226
30,numeric__LBXSLDSI,0.48188022972804356
31,numeric__LBXTC,0.4507841200260571
32,numeric__LBXSCA,0.44508499785869726
33,numeric__DR1TCARB,0.43927666942564747
34,numeric__LBXSIR,0.43767151090246864
35,numeric__DR1TKCAL,0.4341266870472239
36,numeric__LBXSPH,0.39710076276615397
37,numeric__DR1TTFAT,0.3931129245705215
38,numeric__DR1TPROT,0.37440519682654394
39,numeric__LBXSCK,0.35207058020509846
40,numeric__BMXHT,0.32808300183156197
41,numeric__LBXSKSI,0.2879117718218433
42,categorical__RIDRETH3_2.0,0.2832931221832536
43,numeric__LBXSGB,0.2487361858716631
44,numeric__LBXSTP,0.23016719606774647
45,numeric__missingindicator_LBXGH,0.22959227055261652
46,numeric__LBXSTB,0.21711275959807447
47,numeric__kcal_per_kg,0.2116559096148802
48,categorical__RIDRETH3_3.0,0.2045432215767221
49,numeric__LBXSC3SI,0.15759638224678352
50,numeric__LBXSCLSI,0.15129263430355025
51,numeric__missingindicator_LBXTC,0.0858196231704672
52,numeric__missingindicator_kcal_per_kg,0.07688452456994731
53,numeric__missingindicator_FLI_proxy,0.04947629378046711
54,numeric__missingindicator_DR1TKCAL,0.03774534993686849
55,categorical__RIDRETH3_7.0,0.0282091769062585
56,numeric__missingindicator_WHtR,0.02468153142532811
57,numeric__missingindicator_LBXSLDSI,0.02325508867934785
58,numeric__missingindicator_BMXWAIST,0.02118015240698292
59,numeric__missingindicator_LBXSTR,0.018542209762615582
60,numeric__missingindicator_DR1TCARB,0.013819388349961253
61,numeric__missingindicator_DR1TPROT,0.013178078733322692
62,numeric__missingindicator_LBXSATSI,0.011767594229151699
63,numeric__missingindicator_AST_ALT,0.009356205504356513
64,numeric__missingindicator_BMXHT,0.005288325956984141
65,numeric__missingindicator_LBXSASSI,0.003910824466610211
66,numeric__missingindicator_BMXBMI,0.0029195605037612856
67,numeric__missingindicator_LBDHDD,0.0
68,numeric__missingindicator_DR1TTFAT,0.0
69,numeric__missingindicator_BMXWT,0.0
70,numeric__missingindicator_LBXSUA,0.0
71,numeric__missingindicator_LBXSGL,0.0
72,numeric__missingindicator_LBXSGTSI,0.0
73,numeric__missingindicator_LBXSAL,0.0
74,numeric__missingindicator_LBXSTB,0.0
75,numeric__missingindicator_LBXSCR,0.0
76,numeric__missingindicator_LBXSGB,0.0
77,numeric__missingindicator_LBXSTP,0.0
78,numeric__missingindicator_LBXSCK,0.0
79,numeric__missingindicator_LBXSIR,0.0
80,numeric__missingindicator_LBXSC3SI,0.0
81,numeric__missingindicator_LBXSCLSI,0.0
82,numeric__missingindicator_LBXSKSI,0.0
83,numeric__missingindicator_LBXSNASI,0.0
84,numeric__missingindicator_LBXSPH,0.0
85,numeric__missingindicator_LBXSCA,0.0
86,numeric__missingindicator_LBXSAPSI,0.0
87,numeric__missingindicator_LBXSBU,0.0
88,numeric__missingindicator_energy_fraction_carb,0.0
89,numeric__missingindicator_TC_HDL,0.0
90,numeric__missingindicator_TG_HDL,0.0
91,numeric__missingindicator_energy_fraction_protein,0.0
92,numeric__missingindicator_HSI_partial,0.0
93,numeric__missingindicator_energy_fraction_fat,0.0
