N_features,CV_MAE,CV_RMSE,CV_R2,Test_MAE,Test_RMSE,Test_R2
46,34.390433806273464,44.391695791652516,0.5036150387578906,34.33765104087766,43.44953071691731,0.5155390129084967
40,34.38532087913902,44.36446748620391,0.5042237821757619,34.32266673249221,43.447350519527184,0.5155876299620248
35,34.30813877757003,44.287656375363035,0.5059390357561155,34.446872928862426,43.49571429299829,0.514508574535568
30,34.26496153660201,44.295374269031015,0.5057668233362237,34.49974669564794,43.58687985391316,0.5124712941881167
25,34.190873294077534,44.19129061104822,0.5080867567367473,34.434168013046985,43.64726899372471,0.5111194270817633
20,34.2345232593511,44.23185672677641,0.5071832226560908,34.461133387346344,43.68552500020605,0.5102620623465428
15,34.412401763932934,44.49674703390261,0.5012629070600638,34.420872501785404,43.59587721687986,0.5122699985012751
12,35.01502175341689,45.136049473930015,0.4868288488463768,35.29444524284215,44.57930123668829,0.4900176533127748
10,35.03423900773414,45.22135015183068,0.48488737586687436,35.42056045320886,44.622061154469804,0.48903884651150487
