Feature,Importance,Rank
FLI_proxy,0.22320695,1
BMXWAIST,0.16714625,2
WHtR,0.09441717,3
BMXBMI,0.04310238,4
AST_ALT,0.026118528,5
TG_HDL,0.024773676,6
HSI_partial,0.023756716,7
BMXWT,0.023112733,8
LBXGH,0.022827564,9
LBXSGL,0.021858536,10
LBXSTR,0.01905043,11
LBXSATSI,0.018250655,12
RIDRETH3,0.013718756,13
LBXSGTSI,0.013402822,14
RIDAGEYR,0.013014595,15
LBXSCR,0.010688104,16
RIAGENDR,0.010503445,17
LBXSUA,0.00987148,18
TC_HDL,0.009835725,19
LBXSAL,0.009689157,20
LBXSASSI,0.00948163,21
LBDHDD,0.008757083,22
LBXSBU,0.008691898,23
DR1TKCAL,0.0084720375,24
LBXSGB,0.008399295,25
LBXSLDSI,0.008294324,26
DR1TTFAT,0.007992314,27
LBXTC,0.007919989,28
LBXSIR,0.007869368,29
LBXSAPSI,0.00781506,30
energy_fraction_protein,0.007807122,31
LBXSNASI,0.007786767,32
BMXHT,0.0077378876,33
DR1TCARB,0.0077147437,34
kcal_per_kg,0.0076841265,35
energy_fraction_carb,0.007581213,36
energy_fraction_fat,0.00756547,37
DR1TPROT,0.007550914,38
LBXSPH,0.0075474232,39
LBXSCK,0.0075254613,40
LBXSTP,0.007338328,41
LBXSC3SI,0.0071790973,42
LBXSKSI,0.007139261,43
LBXSCA,0.0070365286,44
LBXSCLSI,0.0065513225,45
LBXSTB,0.0062156557,46
