prediction_bin,n,mean_predicted,mean_observed,mean_calibrated
"(163.972, 197.407]",181,189.09964,192.5745856353591,189.75554
"(197.407, 210.75]",180,204.21652,202.92777777777778,204.72856
"(210.75, 229.173]",181,221.07515,220.40883977900552,221.42673
"(229.173, 241.805]",180,235.76465,238.7722222222222,235.97641
"(241.805, 254.799]",181,248.60484,258.353591160221,248.69443
"(254.799, 268.058]",180,261.52194,264.55,261.4886
"(268.058, 280.942]",180,274.6357,279.52222222222224,274.47757
"(280.942, 296.578]",181,288.63916,293.2596685082873,288.34772
"(296.578, 319.195]",180,307.52246,305.5777777777778,307.0513
"(319.195, 386.942]",181,336.32715,339.8508287292818,335.58185
